,run_name,out_name,grid_pth,wind_pth,volcano_name,vent_easting,vent_northing,vent_zone,vent_ht,min_ht,max_ht,min_mass,max_mass,min_dur,max_dur,constrain,nb_wind,wind_start,wind_per_day,seasonality,wind_start_rainy,wind_start_dry,constrain_eruption_date,eruption_date,constrain_wind_dir,min_wind_dir,max_wind_dir,trop_height,max_phi,min_phi,min_med_phi,max_med_phi,min_std_phi,max_std_phi,min_agg,max_agg,max_diam,long_lasting,ht_sample,mass_sample,nb_runs,write_conf,write_gs,write_fig_sep,write_fig_all,write_log_sep,write_log_all,par,par_cpu,eddy_const,diff_coeff,ft_thresh,lithic_dens,pumice_dens,col_step,part_step,alpha,beta
1,284160_TephraMod_21,284160_TephraMod_21_OUT,NA,NA,Agrigan,359816.3891,2075902.371,55,965,NA,NA,NA,NA,NA,NA,NA,NA,NA,4,0,0,0,0,0,0,0,0,17000,NA,NA,NA,NA,NA,NA,0,0,0,0,NA,NA,10000,0,0,0,0,0,0,NA,NA,0.04,876,647,2600,1000,50,50,3,1.5
2,264020_TephraMod_21,264020_TephraMod_21_OUT,NA,NA,Agung,335705.256,9077472.21,-50,2997,NA,NA,NA,NA,NA,NA,NA,NA,NA,4,0,0,0,0,0,0,0,0,17000,NA,NA,NA,NA,NA,NA,0,0,0,0,NA,NA,10000,0,0,0,0,0,0,NA,NA,0.04,876,647,2600,1000,50,50,3,1.5
3,284180_TephraMod_21,284180_TephraMod_21_OUT,NA,NA,Alamagan,375857.3875,1946315.299,55,744,NA,NA,NA,NA,NA,NA,NA,NA,NA,4,0,0,0,0,0,0,0,0,17000,NA,NA,NA,NA,NA,NA,0,0,0,0,NA,NA,10000,0,0,0,0,0,0,NA,NA,0.04,876,647,2600,1000,50,50,3,1.5
4,257030_TephraMod_21,257030_TephraMod_21_OUT,NA,NA,Ambae,804333.1165,8296648.923,-58,1496,NA,NA,NA,NA,NA,NA,NA,NA,NA,4,0,0,0,0,0,0,0,0,17000,NA,NA,NA,NA,NA,NA,0,0,0,0,NA,NA,10000,0,0,0,0,0,0,NA,NA,0.04,876,647,2600,1000,50,50,3,1.5
5,266020_TephraMod_21,266020_TephraMod_21_OUT,NA,NA,Ambang,658013.2813,82923.21653,51,1795,NA,NA,NA,NA,NA,NA,NA,NA,NA,4,0,0,0,0,0,0,0,0,17000,NA,NA,NA,NA,NA,NA,0,0,0,0,NA,NA,10000,0,0,0,0,0,0,NA,NA,0.04,876,647,2600,1000,50,50,3,1.5
6,254020_TephraMod_21,254020_TephraMod_21_OUT,NA,NA,Ambitle,572148.1865,9549000.647,-56,450,NA,NA,NA,NA,NA,NA,NA,NA,NA,4,0,0,0,0,0,0,0,0,17000,NA,NA,NA,NA,NA,NA,0,0,0,0,NA,NA,10000,0,0,0,0,0,0,NA,NA,0.04,876,647,2600,1000,50,50,3,1.5
7,257040_TephraMod_21,257040_TephraMod_21_OUT,NA,NA,Ambrym,192140.2439,8201244.242,-59,1334,NA,NA,NA,NA,NA,NA,NA,NA,NA,4,0,0,0,0,0,0,0,0,17000,NA,NA,NA,NA,NA,NA,0,0,0,0,NA,NA,10000,0,0,0,0,0,0,NA,NA,0.04,876,647,2600,1000,50,50,3,1.5
8,284200_TephraMod_21,284200_TephraMod_21_OUT,NA,NA,Anatahan,357940.7537,1808115.263,55,790,NA,NA,NA,NA,NA,NA,NA,NA,NA,4,0,0,0,0,0,0,0,0,17000,NA,NA,NA,NA,NA,NA,0,0,0,0,NA,NA,10000,0,0,0,0,0,0,NA,NA,0.04,876,647,2600,1000,50,50,3,1.5
9,263290_TephraMod_21,263290_TephraMod_21_OUT,NA,NA,Arjuno-Welirang,673695.9982,9144897.927,-49,3339,NA,NA,NA,NA,NA,NA,NA,NA,NA,4,0,0,0,0,0,0,0,0,17000,NA,NA,NA,NA,NA,NA,0,0,0,0,NA,NA,10000,0,0,0,0,0,0,NA,NA,0.04,876,647,2600,1000,50,50,3,1.5
10,284150_TephraMod_21,284150_TephraMod_21_OUT,NA,NA,Asuncion,332898.8026,2175857.424,55,857,NA,NA,NA,NA,NA,NA,NA,NA,NA,4,0,0,0,0,0,0,0,0,17000,NA,NA,NA,NA,NA,NA,0,0,0,0,NA,NA,10000,0,0,0,0,0,0,NA,NA,0.04,876,647,2600,1000,50,50,3,1.5
11,267040_TephraMod_21,267040_TephraMod_21_OUT,NA,NA,Awu,771811.9232,408124.6187,51,1318,NA,NA,NA,NA,NA,NA,NA,NA,NA,4,0,0,0,0,0,0,0,0,17000,NA,NA,NA,NA,NA,NA,0,0,0,0,NA,NA,10000,0,0,0,0,0,0,NA,NA,0.04,876,647,2600,1000,50,50,3,1.5
12,274030_TephraMod_21,274030_TephraMod_21_OUT,NA,NA,Babuyan Claro,389833.3162,2159145.937,51,1064,NA,NA,NA,NA,NA,NA,NA,NA,NA,4,0,0,0,0,0,0,0,0,17000,NA,NA,NA,NA,NA,NA,0,0,0,0,NA,NA,10000,0,0,0,0,0,0,NA,NA,0.04,876,647,2600,1000,50,50,3,1.5
13,255020_TephraMod_21,255020_TephraMod_21_OUT,NA,NA,Bagana,743027.2549,9321153.038,-56,1855,NA,NA,NA,NA,NA,NA,NA,NA,NA,4,0,0,0,0,0,0,0,0,17000,NA,NA,NA,NA,NA,NA,0,0,0,0,NA,NA,10000,0,0,0,0,0,0,NA,NA,0.04,876,647,2600,1000,50,50,3,1.5
14,251010_TephraMod_21,251010_TephraMod_21_OUT,NA,NA,Bam,257618.8675,9600358.683,-55,685,NA,NA,NA,NA,NA,NA,NA,NA,NA,4,0,0,0,0,0,0,0,0,17000,NA,NA,NA,NA,NA,NA,0,0,0,0,NA,NA,10000,0,0,0,0,0,0,NA,NA,0.04,876,647,2600,1000,50,50,3,1.5
15,252110_TephraMod_21,252110_TephraMod_21_OUT,NA,NA,Bamus,303817.6169,9424953.232,-56,2248,NA,NA,NA,NA,NA,NA,NA,NA,NA,4,0,0,0,0,0,0,0,0,17000,NA,NA,NA,NA,NA,NA,0,0,0,0,NA,NA,10000,0,0,0,0,0,0,NA,NA,0.04,876,647,2600,1000,50,50,3,1.5
16,265090_TephraMod_21,265090_TephraMod_21_OUT,NA,NA,Banda Api,597733.8065,9500002.928,-52,596,NA,NA,NA,NA,NA,NA,NA,NA,NA,4,0,0,0,0,0,0,0,0,17000,NA,NA,NA,NA,NA,NA,0,0,0,0,NA,NA,10000,0,0,0,0,0,0,NA,NA,0.04,876,647,2600,1000,50,50,3,1.5
17,264010_TephraMod_21,264010_TephraMod_21_OUT,NA,NA,Batur,321010.342,9088584.579,-50,1717,NA,NA,NA,NA,NA,NA,NA,NA,NA,4,0,0,0,0,0,0,0,0,17000,NA,NA,NA,NA,NA,NA,0,0,0,0,NA,NA,10000,0,0,0,0,0,0,NA,NA,0.04,876,647,2600,1000,50,50,3,1.5
18,272080_TephraMod_21,272080_TephraMod_21_OUT,NA,NA,Biliran,667405.2942,1274256.832,51,1301,NA,NA,NA,NA,NA,NA,NA,NA,NA,4,0,0,0,0,0,0,0,0,17000,NA,NA,NA,NA,NA,NA,0,0,0,0,NA,NA,10000,0,0,0,0,0,0,NA,NA,0.04,876,647,2600,1000,50,50,3,1.5
19,255011_TephraMod_21,255011_TephraMod_21_OUT,NA,NA,Billy Mitchell,746258.8106,9326117.899,-56,1544,NA,NA,NA,NA,NA,NA,NA,NA,NA,4,0,0,0,0,0,0,0,0,17000,NA,NA,NA,NA,NA,NA,0,0,0,0,NA,NA,10000,0,0,0,0,0,0,NA,NA,0.04,876,647,2600,1000,50,50,3,1.5
20,273010_TephraMod_21,273010_TephraMod_21_OUT,NA,NA,Bulusan,614624.9588,1411824.013,51,1535,NA,NA,NA,NA,NA,NA,NA,NA,NA,4,0,0,0,0,0,0,0,0,17000,NA,NA,NA,NA,NA,NA,0,0,0,0,NA,NA,10000,0,0,0,0,0,0,NA,NA,0.04,876,647,2600,1000,50,50,3,1.5
21,272050_TephraMod_21,272050_TephraMod_21_OUT,NA,NA,Cabalían,742925.2234,1137763.194,51,912,NA,NA,NA,NA,NA,NA,NA,NA,NA,4,0,0,0,0,0,0,0,0,17000,NA,NA,NA,NA,NA,NA,0,0,0,0,NA,NA,10000,0,0,0,0,0,0,NA,NA,0.04,876,647,2600,1000,50,50,3,1.5
22,273090_TephraMod_21,273090_TephraMod_21_OUT,NA,NA,Cagua,407272.4168,2014968.968,51,1133,NA,NA,NA,NA,NA,NA,NA,NA,NA,4,0,0,0,0,0,0,0,0,17000,NA,NA,NA,NA,NA,NA,0,0,0,0,NA,NA,10000,0,0,0,0,0,0,NA,NA,0.04,876,647,2600,1000,50,50,3,1.5
23,271080_TephraMod_21,271080_TephraMod_21_OUT,NA,NA,Camiguin,683807.3897,1017724.692,51,1552,NA,NA,NA,NA,NA,NA,NA,NA,NA,4,0,0,0,0,0,0,0,0,17000,NA,NA,NA,NA,NA,NA,0,0,0,0,NA,NA,10000,0,0,0,0,0,0,NA,NA,0.04,876,647,2600,1000,50,50,3,1.5
24,274010_TephraMod_21,274010_TephraMod_21_OUT,NA,NA,Camiguin de Babuyanes,379887.4852,2082403.211,51,712,NA,NA,NA,NA,NA,NA,NA,NA,NA,4,0,0,0,0,0,0,0,0,17000,NA,NA,NA,NA,NA,NA,0,0,0,0,NA,NA,10000,0,0,0,0,0,0,NA,NA,0.04,876,647,2600,1000,50,50,3,1.5
25,263170_TephraMod_21,263170_TephraMod_21_OUT,NA,NA,Cereme,213551.8768,9237080.252,-49,3039,NA,NA,NA,NA,NA,NA,NA,NA,NA,4,0,0,0,0,0,0,0,0,17000,NA,NA,NA,NA,NA,NA,0,0,0,0,NA,NA,10000,0,0,0,0,0,0,NA,NA,0.04,876,647,2600,1000,50,50,3,1.5
26,266010_TephraMod_21,266010_TephraMod_21_OUT,NA,NA,Colo,344311.3699,9982088.757,-51,404,NA,NA,NA,NA,NA,NA,NA,NA,NA,4,0,0,0,0,0,0,0,0,17000,NA,NA,NA,NA,NA,NA,0,0,0,0,NA,NA,10000,0,0,0,0,0,0,NA,NA,0.04,876,647,2600,1000,50,50,3,1.5
27,252040_TephraMod_21,252040_TephraMod_21_OUT,NA,NA,Dakataua,177766.7094,9436219.033,-56,408,NA,NA,NA,NA,NA,NA,NA,NA,NA,4,0,0,0,0,0,0,0,0,17000,NA,NA,NA,NA,NA,NA,0,0,0,0,NA,NA,10000,0,0,0,0,0,0,NA,NA,0.04,876,647,2600,1000,50,50,3,1.5
28,253060_TephraMod_21,253060_TephraMod_21_OUT,NA,NA,Dawson Strait Group,267342.1916,8935881.628,-56,500,NA,NA,NA,NA,NA,NA,NA,NA,NA,4,0,0,0,0,0,0,0,0,17000,NA,NA,NA,NA,NA,NA,0,0,0,0,NA,NA,10000,0,0,0,0,0,0,NA,NA,0.04,876,647,2600,1000,50,50,3,1.5
29,261230_TephraMod_21,261230_TephraMod_21_OUT,NA,NA,Dempo,291387.0437,9555864.408,-48,3142,NA,NA,NA,NA,NA,NA,NA,NA,NA,4,0,0,0,0,0,0,0,0,17000,NA,NA,NA,NA,NA,NA,0,0,0,0,NA,NA,10000,0,0,0,0,0,0,NA,NA,0.04,876,647,2600,1000,50,50,3,1.5
30,274020_TephraMod_21,274020_TephraMod_21_OUT,NA,NA,Didicas,416047.1454,2109538.458,51,228,NA,NA,NA,NA,NA,NA,NA,NA,NA,4,0,0,0,0,0,0,0,0,17000,NA,NA,NA,NA,NA,NA,0,0,0,0,NA,NA,10000,0,0,0,0,0,0,NA,NA,0.04,876,647,2600,1000,50,50,3,1.5
31,263200_TephraMod_21,263200_TephraMod_21_OUT,NA,NA,Dieng Volcanic Complex,376230.165,9203989.967,-49,2565,NA,NA,NA,NA,NA,NA,NA,NA,NA,4,0,0,0,0,0,0,0,0,17000,NA,NA,NA,NA,NA,NA,0,0,0,0,NA,NA,10000,0,0,0,0,0,0,NA,NA,0.04,876,647,2600,1000,50,50,3,1.5
32,268010_TephraMod_21,268010_TephraMod_21_OUT,NA,NA,Dukono,376975.5759,187162.9986,52,1229,NA,NA,NA,NA,NA,NA,NA,NA,NA,4,0,0,0,0,0,0,0,0,17000,NA,NA,NA,NA,NA,NA,0,0,0,0,NA,NA,10000,0,0,0,0,0,0,NA,NA,0.04,876,647,2600,1000,50,50,3,1.5
33,264100_TephraMod_21,264100_TephraMod_21_OUT,NA,NA,Ebulobo,301034.9597,9024898.129,-51,2096,NA,NA,NA,NA,NA,NA,NA,NA,NA,4,0,0,0,0,0,0,0,0,17000,NA,NA,NA,NA,NA,NA,0,0,0,0,NA,NA,10000,0,0,0,0,0,0,NA,NA,0.04,876,647,2600,1000,50,50,3,1.5
34,264160_TephraMod_21,264160_TephraMod_21_OUT,NA,NA,Egon,440043.6591,9040925.033,-51,1661,NA,NA,NA,NA,NA,NA,NA,NA,NA,4,0,0,0,0,0,0,0,0,17000,NA,NA,NA,NA,NA,NA,0,0,0,0,NA,NA,10000,0,0,0,0,0,0,NA,NA,0.04,876,647,2600,1000,50,50,3,1.5
35,257060_TephraMod_21,257060_TephraMod_21_OUT,NA,NA,Epi,219500.715,8153995.669,-59,833,NA,NA,NA,NA,NA,NA,NA,NA,NA,4,0,0,0,0,0,0,0,0,17000,NA,NA,NA,NA,NA,NA,0,0,0,0,NA,NA,10000,0,0,0,0,0,0,NA,NA,0.04,876,647,2600,1000,50,50,3,1.5
36,284140_TephraMod_21,284140_TephraMod_21_OUT,NA,NA,Farallon de Pajaros,280329.1112,2273321.55,55,337,NA,NA,NA,NA,NA,NA,NA,NA,NA,4,0,0,0,0,0,0,0,0,17000,NA,NA,NA,NA,NA,NA,0,0,0,0,NA,NA,10000,0,0,0,0,0,0,NA,NA,0.04,876,647,2600,1000,50,50,3,1.5
37,263140_TephraMod_21,263140_TephraMod_21_OUT,NA,NA,Galunggung,175089.9058,9197560.944,-49,2168,NA,NA,NA,NA,NA,NA,NA,NA,NA,4,0,0,0,0,0,0,0,0,17000,NA,NA,NA,NA,NA,NA,0,0,0,0,NA,NA,10000,0,0,0,0,0,0,NA,NA,0.04,876,647,2600,1000,50,50,3,1.5
38,268060_TephraMod_21,268060_TephraMod_21_OUT,NA,NA,Gamalama,314162.3225,88461.91659,52,1715,NA,NA,NA,NA,NA,NA,NA,NA,NA,4,0,0,0,0,0,0,0,0,17000,NA,NA,NA,NA,NA,NA,0,0,0,0,NA,NA,10000,0,0,0,0,0,0,NA,NA,0.04,876,647,2600,1000,50,50,3,1.5
39,268040_TephraMod_21,268040_TephraMod_21_OUT,NA,NA,Gamkonora,336454.8872,152582.2944,52,1635,NA,NA,NA,NA,NA,NA,NA,NA,NA,4,0,0,0,0,0,0,0,0,17000,NA,NA,NA,NA,NA,NA,0,0,0,0,NA,NA,10000,0,0,0,0,0,0,NA,NA,0.04,876,647,2600,1000,50,50,3,1.5
40,257020_TephraMod_21,257020_TephraMod_21_OUT,NA,NA,Gaua,769734.4651,8420961.5,-58,797,NA,NA,NA,NA,NA,NA,NA,NA,NA,4,0,0,0,0,0,0,0,0,17000,NA,NA,NA,NA,NA,NA,0,0,0,0,NA,NA,10000,0,0,0,0,0,0,NA,NA,0.04,876,647,2600,1000,50,50,3,1.5
41,263060_TephraMod_21,263060_TephraMod_21_OUT,NA,NA,Gede-Pangrango,717182.4742,9251237.559,-48,3008,NA,NA,NA,NA,NA,NA,NA,NA,NA,4,0,0,0,0,0,0,0,0,17000,NA,NA,NA,NA,NA,NA,0,0,0,0,NA,NA,10000,0,0,0,0,0,0,NA,NA,0.04,876,647,2600,1000,50,50,3,1.5
42,284190_TephraMod_21,284190_TephraMod_21_OUT,NA,NA,Guguan,377253.0937,1913885.513,55,287,NA,NA,NA,NA,NA,NA,NA,NA,NA,4,0,0,0,0,0,0,0,0,17000,NA,NA,NA,NA,NA,NA,0,0,0,0,NA,NA,10000,0,0,0,0,0,0,NA,NA,0.04,876,647,2600,1000,50,50,3,1.5
43,263130_TephraMod_21,263130_TephraMod_21_OUT,NA,NA,Guntur,813709.804,9209475.558,-48,2249,NA,NA,NA,NA,NA,NA,NA,NA,NA,4,0,0,0,0,0,0,0,0,17000,NA,NA,NA,NA,NA,NA,0,0,0,0,NA,NA,10000,0,0,0,0,0,0,NA,NA,0.04,876,647,2600,1000,50,50,3,1.5
44,265030_TephraMod_21,265030_TephraMod_21_OUT,NA,NA,Gunungapi Wetar,240175.9168,9265209.929,-52,282,NA,NA,NA,NA,NA,NA,NA,NA,NA,4,0,0,0,0,0,0,0,0,17000,NA,NA,NA,NA,NA,NA,0,0,0,0,NA,NA,10000,0,0,0,0,0,0,NA,NA,0.04,876,647,2600,1000,50,50,3,1.5
45,252100_TephraMod_21,252100_TephraMod_21_OUT,NA,NA,Hargy,289447.4564,9410533.434,-56,1148,NA,NA,NA,NA,NA,NA,NA,NA,NA,4,0,0,0,0,0,0,0,0,17000,NA,NA,NA,NA,NA,NA,0,0,0,0,NA,NA,10000,0,0,0,0,0,0,NA,NA,0.04,876,647,2600,1000,50,50,3,1.5
46,268030_TephraMod_21,268030_TephraMod_21_OUT,NA,NA,Ibu,347589.762,164516.4033,52,1325,NA,NA,NA,NA,NA,NA,NA,NA,NA,4,0,0,0,0,0,0,0,0,17000,NA,NA,NA,NA,NA,NA,0,0,0,0,NA,NA,10000,0,0,0,0,0,0,NA,NA,0.04,876,647,2600,1000,50,50,3,1.5
47,263350_TephraMod_21,263350_TephraMod_21_OUT,NA,NA,Ijen,196000.1861,9108263.933,-50,2769,NA,NA,NA,NA,NA,NA,NA,NA,NA,4,0,0,0,0,0,0,0,0,17000,NA,NA,NA,NA,NA,NA,0,0,0,0,NA,NA,10000,0,0,0,0,0,0,NA,NA,0.04,876,647,2600,1000,50,50,3,1.5
48,264220_TephraMod_21,264220_TephraMod_21_OUT,NA,NA,Iliboleng,528407.2854,9077883.924,-51,1659,NA,NA,NA,NA,NA,NA,NA,NA,NA,4,0,0,0,0,0,0,0,0,17000,NA,NA,NA,NA,NA,NA,0,0,0,0,NA,NA,10000,0,0,0,0,0,0,NA,NA,0.04,876,647,2600,1000,50,50,3,1.5
49,264250_TephraMod_21,264250_TephraMod_21_OUT,NA,NA,Iliwerung,562730.7392,9057062.778,-51,1018,NA,NA,NA,NA,NA,NA,NA,NA,NA,4,0,0,0,0,0,0,0,0,17000,NA,NA,NA,NA,NA,NA,0,0,0,0,NA,NA,10000,0,0,0,0,0,0,NA,NA,0.04,876,647,2600,1000,50,50,3,1.5
50,264090_TephraMod_21,264090_TephraMod_21_OUT,NA,NA,Inielika,277767.349,9034403.281,-51,1559,NA,NA,NA,NA,NA,NA,NA,NA,NA,4,0,0,0,0,0,0,0,0,17000,NA,NA,NA,NA,NA,NA,0,0,0,0,NA,NA,10000,0,0,0,0,0,0,NA,NA,0.04,876,647,2600,1000,50,50,3,1.5
51,264080_TephraMod_21,264080_TephraMod_21_OUT,NA,NA,Inierie,274553.3849,9018344.996,-51,2245,NA,NA,NA,NA,NA,NA,NA,NA,NA,4,0,0,0,0,0,0,0,0,17000,NA,NA,NA,NA,NA,NA,0,0,0,0,NA,NA,10000,0,0,0,0,0,0,NA,NA,0.04,876,647,2600,1000,50,50,3,1.5
52,284120_TephraMod_21,284120_TephraMod_21_OUT,NA,NA,Ioto,529221.4859,2737407.647,54,169,NA,NA,NA,NA,NA,NA,NA,NA,NA,4,0,0,0,0,0,0,0,0,17000,NA,NA,NA,NA,NA,NA,0,0,0,0,NA,NA,10000,0,0,0,0,0,0,NA,NA,0.04,876,647,2600,1000,50,50,3,1.5
53,274060_TephraMod_21,274060_TephraMod_21_OUT,NA,NA,Iraya,396747.0806,2263694.201,51,1009,NA,NA,NA,NA,NA,NA,NA,NA,NA,4,0,0,0,0,0,0,0,0,17000,NA,NA,NA,NA,NA,NA,0,0,0,0,NA,NA,10000,0,0,0,0,0,0,NA,NA,0.04,876,647,2600,1000,50,50,3,1.5
54,273042_TephraMod_21,273042_TephraMod_21_OUT,NA,NA,Isarog,541096.7249,1509935.513,51,1966,NA,NA,NA,NA,NA,NA,NA,NA,NA,4,0,0,0,0,0,0,0,0,17000,NA,NA,NA,NA,NA,NA,0,0,0,0,NA,NA,10000,0,0,0,0,0,0,NA,NA,0.04,876,647,2600,1000,50,50,3,1.5
55,264110_TephraMod_21,264110_TephraMod_21_OUT,NA,NA,Iya,350569.0137,9016924.586,-51,618,NA,NA,NA,NA,NA,NA,NA,NA,NA,4,0,0,0,0,0,0,0,0,17000,NA,NA,NA,NA,NA,NA,0,0,0,0,NA,NA,10000,0,0,0,0,0,0,NA,NA,0.04,876,647,2600,1000,50,50,3,1.5
56,261220_TephraMod_21,261220_TephraMod_21_OUT,NA,NA,Kaba,235030.6496,9610369.324,-48,1940,NA,NA,NA,NA,NA,NA,NA,NA,NA,4,0,0,0,0,0,0,0,0,17000,NA,NA,NA,NA,NA,NA,0,0,0,0,NA,NA,10000,0,0,0,0,0,0,NA,NA,0.04,876,647,2600,1000,50,50,3,1.5
57,251002_TephraMod_21,251002_TephraMod_21_OUT,NA,NA,Kadovar,232054.1553,9600847.227,-55,365,NA,NA,NA,NA,NA,NA,NA,NA,NA,4,0,0,0,0,0,0,0,0,17000,NA,NA,NA,NA,NA,NA,0,0,0,0,NA,NA,10000,0,0,0,0,0,0,NA,NA,0.04,876,647,2600,1000,50,50,3,1.5
58,272020_TephraMod_21,272020_TephraMod_21_OUT,NA,NA,Kanlaon,514448.024,1150968.24,51,2435,NA,NA,NA,NA,NA,NA,NA,NA,NA,4,0,0,0,0,0,0,0,0,17000,NA,NA,NA,NA,NA,NA,0,0,0,0,NA,NA,10000,0,0,0,0,0,0,NA,NA,0.04,876,647,2600,1000,50,50,3,1.5
59,267020_TephraMod_21,267020_TephraMod_21_OUT,NA,NA,Karangetang,767604.3877,307659.3279,51,1797,NA,NA,NA,NA,NA,NA,NA,NA,NA,4,0,0,0,0,0,0,0,0,17000,NA,NA,NA,NA,NA,NA,0,0,0,0,NA,NA,10000,0,0,0,0,0,0,NA,NA,0.04,876,647,2600,1000,50,50,3,1.5
60,251030_TephraMod_21,251030_TephraMod_21_OUT,NA,NA,Karkar,385089.6731,9486050.297,-55,1839,NA,NA,NA,NA,NA,NA,NA,NA,NA,4,0,0,0,0,0,0,0,0,17000,NA,NA,NA,NA,NA,NA,0,0,0,0,NA,NA,10000,0,0,0,0,0,0,NA,NA,0.04,876,647,2600,1000,50,50,3,1.5
61,264140_TephraMod_21,264140_TephraMod_21_OUT,NA,NA,Kelimutu,370211.8033,9030372.031,-51,1639,NA,NA,NA,NA,NA,NA,NA,NA,NA,4,0,0,0,0,0,0,0,0,17000,NA,NA,NA,NA,NA,NA,0,0,0,0,NA,NA,10000,0,0,0,0,0,0,NA,NA,0.04,876,647,2600,1000,50,50,3,1.5
62,263280_TephraMod_21,263280_TephraMod_21_OUT,NA,NA,Kelut,644177.1452,9123213.668,-49,1731,NA,NA,NA,NA,NA,NA,NA,NA,NA,4,0,0,0,0,0,0,0,0,17000,NA,NA,NA,NA,NA,NA,0,0,0,0,NA,NA,10000,0,0,0,0,0,0,NA,NA,0.04,876,647,2600,1000,50,50,3,1.5
63,261170_TephraMod_21,261170_TephraMod_21_OUT,NA,NA,Kerinci,751882.6455,9812282.53,-47,3800,NA,NA,NA,NA,NA,NA,NA,NA,NA,4,0,0,0,0,0,0,0,0,17000,NA,NA,NA,NA,NA,NA,0,0,0,0,NA,NA,10000,0,0,0,0,0,0,NA,NA,0.04,876,647,2600,1000,50,50,3,1.5
64,284110_TephraMod_21,284110_TephraMod_21_OUT,NA,NA,Kita-Ioto,528559.3008,2811928.395,54,792,NA,NA,NA,NA,NA,NA,NA,NA,NA,4,0,0,0,0,0,0,0,0,17000,NA,NA,NA,NA,NA,NA,0,0,0,0,NA,NA,10000,0,0,0,0,0,0,NA,NA,0.04,876,647,2600,1000,50,50,3,1.5
65,262000_TephraMod_21,262000_TephraMod_21_OUT,NA,NA,Krakatau,546804.8143,9325501.744,-48,155,5,5,200000,200000,12,12,1,NA,NA,4,0,0,0,0,0,0,0,0,17000,8,-6,-2,0,1,3,0,0,0,0,0,0,10000,0,0,0,0,0,0,NA,NA,0.04,876,647,2600,1000,50,50,3,1.5
66,252070_TephraMod_21,252070_TephraMod_21_OUT,NA,NA,Krummel-Garbuna-Welcker,170500.3785,9400543.974,-56,564,NA,NA,NA,NA,NA,NA,NA,NA,NA,4,0,0,0,0,0,0,0,0,17000,NA,NA,NA,NA,NA,NA,0,0,0,0,NA,NA,10000,0,0,0,0,0,0,NA,NA,0.04,876,647,2600,1000,50,50,3,1.5
67,281031_TephraMod_21,281031_TephraMod_21_OUT,NA,NA,Kueishantao,394208.1375,2747748.192,51,361,NA,NA,NA,NA,NA,NA,NA,NA,NA,4,0,0,0,0,0,0,0,0,17000,NA,NA,NA,NA,NA,NA,0,0,0,0,NA,NA,10000,0,0,0,0,0,0,NA,NA,0.04,876,647,2600,1000,50,50,3,1.5
68,253010_TephraMod_21,253010_TephraMod_21_OUT,NA,NA,Lamington,626426.5264,9010478.27,-55,1680,NA,NA,NA,NA,NA,NA,NA,NA,NA,4,0,0,0,0,0,0,0,0,17000,NA,NA,NA,NA,NA,NA,0,0,0,0,NA,NA,10000,0,0,0,0,0,0,NA,NA,0.04,876,647,2600,1000,50,50,3,1.5
69,263320_TephraMod_21,263320_TephraMod_21_OUT,NA,NA,Lamongan,758057.7332,9117070.348,-49,1641,NA,NA,NA,NA,NA,NA,NA,NA,NA,4,0,0,0,0,0,0,0,0,17000,NA,NA,NA,NA,NA,NA,0,0,0,0,NA,NA,10000,0,0,0,0,0,0,NA,NA,0.04,876,647,2600,1000,50,50,3,1.5
70,252010_TephraMod_21,252010_TephraMod_21_OUT,NA,NA,Langila,657297.1674,9389114.824,-55,1330,NA,NA,NA,NA,NA,NA,NA,NA,NA,4,0,0,0,0,0,0,0,0,17000,NA,NA,NA,NA,NA,NA,0,0,0,0,NA,NA,10000,0,0,0,0,0,0,NA,NA,0.04,876,647,2600,1000,50,50,3,1.5
71,263260_TephraMod_21,263260_TephraMod_21_OUT,NA,NA,Lawu,521177.1663,9157153.901,-49,3265,NA,NA,NA,NA,NA,NA,NA,NA,NA,4,0,0,0,0,0,0,0,0,17000,NA,NA,NA,NA,NA,NA,0,0,0,0,NA,NA,10000,0,0,0,0,0,0,NA,NA,0.04,876,647,2600,1000,50,50,3,1.5
72,271031_TephraMod_21,271031_TephraMod_21_OUT,NA,NA,Leonard Range,173970.017,817058.1972,52,1080,NA,NA,NA,NA,NA,NA,NA,NA,NA,4,0,0,0,0,0,0,0,0,17000,NA,NA,NA,NA,NA,NA,0,0,0,0,NA,NA,10000,0,0,0,0,0,0,NA,NA,0.04,876,647,2600,1000,50,50,3,1.5
73,264200_TephraMod_21,264200_TephraMod_21_OUT,NA,NA,Leroboleng,481613.45,9075346.575,-51,1095,NA,NA,NA,NA,NA,NA,NA,NA,NA,4,0,0,0,0,0,0,0,0,17000,NA,NA,NA,NA,NA,NA,0,0,0,0,NA,NA,10000,0,0,0,0,0,0,NA,NA,0.04,876,647,2600,1000,50,50,3,1.5
74,264180_TephraMod_21,264180_TephraMod_21_OUT,NA,NA,Lewotobi,475238.9712,9055775.187,-51,1703,NA,NA,NA,NA,NA,NA,NA,NA,NA,4,0,0,0,0,0,0,0,0,17000,NA,NA,NA,NA,NA,NA,0,0,0,0,NA,NA,10000,0,0,0,0,0,0,NA,NA,0.04,876,647,2600,1000,50,50,3,1.5
75,264230_TephraMod_21,264230_TephraMod_21_OUT,NA,NA,Lewotolok,555943.8809,9085375.131,-51,1431,NA,NA,NA,NA,NA,NA,NA,NA,NA,4,0,0,0,0,0,0,0,0,17000,NA,NA,NA,NA,NA,NA,0,0,0,0,NA,NA,10000,0,0,0,0,0,0,NA,NA,0.04,876,647,2600,1000,50,50,3,1.5
76,266100_TephraMod_21,266100_TephraMod_21_OUT,NA,NA,Lokon-Empung,699381.793,150173.9969,51,1580,NA,NA,NA,NA,NA,NA,NA,NA,NA,4,0,0,0,0,0,0,0,0,17000,NA,NA,NA,NA,NA,NA,0,0,0,0,NA,NA,10000,0,0,0,0,0,0,NA,NA,0.04,876,647,2600,1000,50,50,3,1.5
77,252130_TephraMod_21,252130_TephraMod_21_OUT,NA,NA,Lolobau,295746.8096,9455897.109,-56,858,NA,NA,NA,NA,NA,NA,NA,NA,NA,4,0,0,0,0,0,0,0,0,17000,NA,NA,NA,NA,NA,NA,0,0,0,0,NA,NA,10000,0,0,0,0,0,0,NA,NA,0.04,876,647,2600,1000,50,50,3,1.5
78,255030_TephraMod_21,255030_TephraMod_21_OUT,NA,NA,Loloru,789766.3623,9278560.258,-56,1887,NA,NA,NA,NA,NA,NA,NA,NA,NA,4,0,0,0,0,0,0,0,0,17000,NA,NA,NA,NA,NA,NA,0,0,0,0,NA,NA,10000,0,0,0,0,0,0,NA,NA,0.04,876,647,2600,1000,50,50,3,1.5
79,251050_TephraMod_21,251050_TephraMod_21_OUT,NA,NA,Long Island,513295.0497,9407761.407,-55,1280,NA,NA,NA,NA,NA,NA,NA,NA,NA,4,0,0,0,0,0,0,0,0,17000,NA,NA,NA,NA,NA,NA,0,0,0,0,NA,NA,10000,0,0,0,0,0,0,NA,NA,0.04,876,647,2600,1000,50,50,3,1.5
80,257050_TephraMod_21,257050_TephraMod_21_OUT,NA,NA,Lopevi,216685.9234,8173116.424,-59,1413,NA,NA,NA,NA,NA,NA,NA,NA,NA,4,0,0,0,0,0,0,0,0,17000,NA,NA,NA,NA,NA,NA,0,0,0,0,NA,NA,10000,0,0,0,0,0,0,NA,NA,0.04,876,647,2600,1000,50,50,3,1.5
81,266110_TephraMod_21,266110_TephraMod_21_OUT,NA,NA,Mahawu,707507.2708,149516.6067,51,1299,NA,NA,NA,NA,NA,NA,NA,NA,NA,4,0,0,0,0,0,0,0,0,17000,NA,NA,NA,NA,NA,NA,0,0,0,0,NA,NA,10000,0,0,0,0,0,0,NA,NA,0.04,876,647,2600,1000,50,50,3,1.5
82,271040_TephraMod_21,271040_TephraMod_21_OUT,NA,NA,Makaturing,645267.8702,845163.9445,51,1818,NA,NA,NA,NA,NA,NA,NA,NA,NA,4,0,0,0,0,0,0,0,0,17000,NA,NA,NA,NA,NA,NA,0,0,0,0,NA,NA,10000,0,0,0,0,0,0,NA,NA,0.04,876,647,2600,1000,50,50,3,1.5
83,268070_TephraMod_21,268070_TephraMod_21_OUT,NA,NA,Makian,321939.5188,35383.50665,52,1357,NA,NA,NA,NA,NA,NA,NA,NA,NA,4,0,0,0,0,0,0,0,0,17000,NA,NA,NA,NA,NA,NA,0,0,0,0,NA,NA,10000,0,0,0,0,0,0,NA,NA,0.04,876,647,2600,1000,50,50,3,1.5
84,251020_TephraMod_21,251020_TephraMod_21_OUT,NA,NA,Manam,282074.6439,9548764.075,-55,1807,NA,NA,NA,NA,NA,NA,NA,NA,NA,4,0,0,0,0,0,0,0,0,17000,NA,NA,NA,NA,NA,NA,0,0,0,0,NA,NA,10000,0,0,0,0,0,0,NA,NA,0.04,876,647,2600,1000,50,50,3,1.5
85,261140_TephraMod_21,261140_TephraMod_21_OUT,NA,NA,Marapi,664033.9275,9957984.58,-47,2885,NA,NA,NA,NA,NA,NA,NA,NA,NA,4,0,0,0,0,0,0,0,0,17000,NA,NA,NA,NA,NA,NA,0,0,0,0,NA,NA,10000,0,0,0,0,0,0,NA,NA,0.04,876,647,2600,1000,50,50,3,1.5
86,273081_TephraMod_21,273081_TephraMod_21_OUT,NA,NA,Mariveles,228633.4334,1607507.589,51,1388,NA,NA,NA,NA,NA,NA,NA,NA,NA,4,0,0,0,0,0,0,0,0,17000,NA,NA,NA,NA,NA,NA,0,0,0,0,NA,NA,10000,0,0,0,0,0,0,NA,NA,0.04,876,647,2600,1000,50,50,3,1.5
87,271020_TephraMod_21,271020_TephraMod_21_OUT,NA,NA,Matutum,728975.444,704564.515,51,2286,NA,NA,NA,NA,NA,NA,NA,NA,NA,4,0,0,0,0,0,0,0,0,17000,NA,NA,NA,NA,NA,NA,0,0,0,0,NA,NA,10000,0,0,0,0,0,0,NA,NA,0.04,876,647,2600,1000,50,50,3,1.5
88,273030_TephraMod_21,273030_TephraMod_21_OUT,NA,NA,Mayon,574206.7479,1465658.394,51,2462,NA,NA,NA,NA,NA,NA,NA,NA,NA,4,0,0,0,0,0,0,0,0,17000,NA,NA,NA,NA,NA,NA,0,0,0,0,NA,NA,10000,0,0,0,0,0,0,NA,NA,0.04,876,647,2600,1000,50,50,3,1.5
89,263250_TephraMod_21,263250_TephraMod_21_OUT,NA,NA,Merapi,438882.2476,9166516.533,-49,2910,NA,NA,NA,NA,NA,NA,NA,NA,NA,4,0,0,0,0,0,0,0,0,17000,NA,NA,NA,NA,NA,NA,0,0,0,0,NA,NA,10000,0,0,0,0,0,0,NA,NA,0.04,876,647,2600,1000,50,50,3,1.5
90,263240_TephraMod_21,263240_TephraMod_21_OUT,NA,NA,Merbabu,438208.1772,9176023.339,-49,3118,NA,NA,NA,NA,NA,NA,NA,NA,NA,4,0,0,0,0,0,0,0,0,17000,NA,NA,NA,NA,NA,NA,0,0,0,0,NA,NA,10000,0,0,0,0,0,0,NA,NA,0.04,876,647,2600,1000,50,50,3,1.5
91,263251_TephraMod_21,263251_TephraMod_21_OUT,NA,NA,Muria,486735.4348,9268256.883,-49,1625,NA,NA,NA,NA,NA,NA,NA,NA,NA,4,0,0,0,0,0,0,0,0,17000,NA,NA,NA,NA,NA,NA,0,0,0,0,NA,NA,10000,0,0,0,0,0,0,NA,NA,0.04,876,647,2600,1000,50,50,3,1.5
92,265060_TephraMod_21,265060_TephraMod_21_OUT,NA,NA,Nila,555257.3341,9256070.273,-52,781,NA,NA,NA,NA,NA,NA,NA,NA,NA,4,0,0,0,0,0,0,0,0,17000,NA,NA,NA,NA,NA,NA,0,0,0,0,NA,NA,10000,0,0,0,0,0,0,NA,NA,0.04,876,647,2600,1000,50,50,3,1.5
93,284170_TephraMod_21,284170_TephraMod_21_OUT,NA,NA,Pagan,373050.7312,2004982.055,55,570,NA,NA,NA,NA,NA,NA,NA,NA,NA,4,0,0,0,0,0,0,0,0,17000,NA,NA,NA,NA,NA,NA,0,0,0,0,NA,NA,10000,0,0,0,0,0,0,NA,NA,0.04,876,647,2600,1000,50,50,3,1.5
94,264150_TephraMod_21,264150_TephraMod_21_OUT,NA,NA,Paluweh,357724.2475,9080093.226,-51,875,NA,NA,NA,NA,NA,NA,NA,NA,NA,4,0,0,0,0,0,0,0,0,17000,NA,NA,NA,NA,NA,NA,0,0,0,0,NA,NA,10000,0,0,0,0,0,0,NA,NA,0.04,876,647,2600,1000,50,50,3,1.5
95,263100_TephraMod_21,263100_TephraMod_21_OUT,NA,NA,Papandayan,801432.3346,9189960.51,-48,2665,NA,NA,NA,NA,NA,NA,NA,NA,NA,4,0,0,0,0,0,0,0,0,17000,NA,NA,NA,NA,NA,NA,0,0,0,0,NA,NA,10000,0,0,0,0,0,0,NA,NA,0.04,876,647,2600,1000,50,50,3,1.5
96,271011_TephraMod_21,271011_TephraMod_21_OUT,NA,NA,Parker,709380.4928,676064.0995,51,1824,NA,NA,NA,NA,NA,NA,NA,NA,NA,4,0,0,0,0,0,0,0,0,17000,NA,NA,NA,NA,NA,NA,0,0,0,0,NA,NA,10000,0,0,0,0,0,0,NA,NA,0.04,876,647,2600,1000,50,50,3,1.5
97,263040_TephraMod_21,263040_TephraMod_21_OUT,NA,NA,Perbakti-Gagak,687891.8913,9253559.922,-48,1699,NA,NA,NA,NA,NA,NA,NA,NA,NA,4,0,0,0,0,0,0,0,0,17000,NA,NA,NA,NA,NA,NA,0,0,0,0,NA,NA,10000,0,0,0,0,0,0,NA,NA,0.04,876,647,2600,1000,50,50,3,1.5
98,261030_TephraMod_21,261030_TephraMod_21_OUT,NA,NA,Peuet Sague,199318.757,542550.4087,47,2785,NA,NA,NA,NA,NA,NA,NA,NA,NA,4,0,0,0,0,0,0,0,0,17000,NA,NA,NA,NA,NA,NA,0,0,0,0,NA,NA,10000,0,0,0,0,0,0,NA,NA,0.04,876,647,2600,1000,50,50,3,1.5
99,273083_TephraMod_21,273083_TephraMod_21_OUT,NA,NA,Pinatubo,215189.7496,1674424.663,51,1486,NA,NA,NA,NA,NA,NA,NA,NA,NA,4,0,0,0,0,0,0,0,0,17000,NA,NA,NA,NA,NA,NA,0,0,0,0,NA,NA,10000,0,0,0,0,0,0,NA,NA,0.04,876,647,2600,1000,50,50,3,1.5
100,252140_TephraMod_21,252140_TephraMod_21_OUT,NA,NA,Rabaul,411555.6582,9527871.588,-56,688,NA,NA,NA,NA,NA,NA,NA,NA,NA,4,0,0,0,0,0,0,0,0,17000,NA,NA,NA,NA,NA,NA,0,0,0,0,NA,NA,10000,0,0,0,0,0,0,NA,NA,0.04,876,647,2600,1000,50,50,3,1.5
101,271060_TephraMod_21,271060_TephraMod_21_OUT,NA,NA,Ragang,666211.4238,850430.2598,51,2790,NA,NA,NA,NA,NA,NA,NA,NA,NA,4,0,0,0,0,0,0,0,0,17000,NA,NA,NA,NA,NA,NA,0,0,0,0,NA,NA,10000,0,0,0,0,0,0,NA,NA,0.04,876,647,2600,1000,50,50,3,1.5
102,264071_TephraMod_21,264071_TephraMod_21_OUT,NA,NA,Ranakah,227052.8462,9046273.356,-51,2350,NA,NA,NA,NA,NA,NA,NA,NA,NA,4,0,0,0,0,0,0,0,0,17000,NA,NA,NA,NA,NA,NA,0,0,0,0,NA,NA,10000,0,0,0,0,0,0,NA,NA,0.04,876,647,2600,1000,50,50,3,1.5
103,263340_TephraMod_21,263340_TephraMod_21_OUT,NA,NA,Raung,175530.3336,9101368.404,-50,3260,NA,NA,NA,NA,NA,NA,NA,NA,NA,4,0,0,0,0,0,0,0,0,17000,NA,NA,NA,NA,NA,NA,0,0,0,0,NA,NA,10000,0,0,0,0,0,0,NA,NA,0.04,876,647,2600,1000,50,50,3,1.5
104,264030_TephraMod_21,264030_TephraMod_21_OUT,NA,NA,Rinjani,441654.9633,9069230.505,-50,3726,NA,NA,NA,NA,NA,NA,NA,NA,NA,4,0,0,0,0,0,0,0,0,17000,NA,NA,NA,NA,NA,NA,0,0,0,0,NA,NA,10000,0,0,0,0,0,0,NA,NA,0.04,876,647,2600,1000,50,50,3,1.5
105,251070_TephraMod_21,251070_TephraMod_21_OUT,NA,NA,Ritter Island,623507.9594,9389850.174,-55,75,NA,NA,NA,NA,NA,NA,NA,NA,NA,4,0,0,0,0,0,0,0,0,17000,NA,NA,NA,NA,NA,NA,0,0,0,0,NA,NA,10000,0,0,0,0,0,0,NA,NA,0.04,876,647,2600,1000,50,50,3,1.5
106,267010_TephraMod_21,267010_TephraMod_21_OUT,NA,NA,Ruang,763586.0673,254439.3514,51,725,NA,NA,NA,NA,NA,NA,NA,NA,NA,4,0,0,0,0,0,0,0,0,17000,NA,NA,NA,NA,NA,NA,0,0,0,0,NA,NA,10000,0,0,0,0,0,0,NA,NA,0.04,876,647,2600,1000,50,50,3,1.5
107,263050_TephraMod_21,263050_TephraMod_21_OUT,NA,NA,Salak,691220.3611,9256866.09,-48,2211,NA,NA,NA,NA,NA,NA,NA,NA,NA,4,0,0,0,0,0,0,0,0,17000,NA,NA,NA,NA,NA,NA,0,0,0,0,NA,NA,10000,0,0,0,0,0,0,NA,NA,0.04,876,647,2600,1000,50,50,3,1.5
108,273060_TephraMod_21,273060_TephraMod_21_OUT,NA,NA,San Pablo Volcanic Field,316487.4567,1561662.074,51,1090,NA,NA,NA,NA,NA,NA,NA,NA,NA,4,0,0,0,0,0,0,0,0,17000,NA,NA,NA,NA,NA,NA,0,0,0,0,NA,NA,10000,0,0,0,0,0,0,NA,NA,0.04,876,647,2600,1000,50,50,3,1.5
109,264050_TephraMod_21,264050_TephraMod_21_OUT,NA,NA,Sangeang Api,728047.6814,9093003.981,-50,1912,NA,NA,NA,NA,NA,NA,NA,NA,NA,4,0,0,0,0,0,0,0,0,17000,NA,NA,NA,NA,NA,NA,0,0,0,0,NA,NA,10000,0,0,0,0,0,0,NA,NA,0.04,876,647,2600,1000,50,50,3,1.5
110,255070_TephraMod_21,255070_TephraMod_21_OUT,NA,NA,Savo,590100.0019,8990673.025,-57,485,NA,NA,NA,NA,NA,NA,NA,NA,NA,4,0,0,0,0,0,0,0,0,17000,NA,NA,NA,NA,NA,NA,0,0,0,0,NA,NA,10000,0,0,0,0,0,0,NA,NA,0.04,876,647,2600,1000,50,50,3,1.5
111,263300_TephraMod_21,263300_TephraMod_21_OUT,NA,NA,Semeru,711785.1231,9103261.41,-49,3657,NA,NA,NA,NA,NA,NA,NA,NA,NA,4,0,0,0,0,0,0,0,0,17000,NA,NA,NA,NA,NA,NA,0,0,0,0,NA,NA,10000,0,0,0,0,0,0,NA,NA,0.04,876,647,2600,1000,50,50,3,1.5
112,265070_TephraMod_21,265070_TephraMod_21_OUT,NA,NA,Serua,612490.9699,9302196.304,-52,608,NA,NA,NA,NA,NA,NA,NA,NA,NA,4,0,0,0,0,0,0,0,0,17000,NA,NA,NA,NA,NA,NA,0,0,0,0,NA,NA,10000,0,0,0,0,0,0,NA,NA,0.04,876,647,2600,1000,50,50,3,1.5
113,261020_TephraMod_21,261020_TephraMod_21_OUT,NA,NA,Seulawah Agam,794546.1431,602834.8926,46,1810,NA,NA,NA,NA,NA,NA,NA,NA,NA,4,0,0,0,0,0,0,0,0,17000,NA,NA,NA,NA,NA,NA,0,0,0,0,NA,NA,10000,0,0,0,0,0,0,NA,NA,0.04,876,647,2600,1000,50,50,3,1.5
114,255050_TephraMod_21,255050_TephraMod_21_OUT,NA,NA,Simbo,226821.6875,9082567.828,-57,335,NA,NA,NA,NA,NA,NA,NA,NA,NA,4,0,0,0,0,0,0,0,0,17000,NA,NA,NA,NA,NA,NA,0,0,0,0,NA,NA,10000,0,0,0,0,0,0,NA,NA,0.04,876,647,2600,1000,50,50,3,1.5
115,261080_TephraMod_21,261080_TephraMod_21_OUT,NA,NA,Sinabung,432446.3847,350403.6551,47,2460,NA,NA,NA,NA,NA,NA,NA,NA,NA,4,0,0,0,0,0,0,0,0,17000,NA,NA,NA,NA,NA,NA,0,0,0,0,NA,NA,10000,0,0,0,0,0,0,NA,NA,0.04,876,647,2600,1000,50,50,3,1.5
116,261070_TephraMod_21,261070_TephraMod_21_OUT,NA,NA,Singkut,444561.6913,359019.1271,47,2181,NA,NA,NA,NA,NA,NA,NA,NA,NA,4,0,0,0,0,0,0,0,0,17000,NA,NA,NA,NA,NA,NA,0,0,0,0,NA,NA,10000,0,0,0,0,0,0,NA,NA,0.04,876,647,2600,1000,50,50,3,1.5
117,264270_TephraMod_21,264270_TephraMod_21_OUT,NA,NA,Sirung,624373.8329,9059359.789,-51,862,NA,NA,NA,NA,NA,NA,NA,NA,NA,4,0,0,0,0,0,0,0,0,17000,NA,NA,NA,NA,NA,NA,0,0,0,0,NA,NA,10000,0,0,0,0,0,0,NA,NA,0.04,876,647,2600,1000,50,50,3,1.5
118,263180_TephraMod_21,263180_TephraMod_21_OUT,NA,NA,Slamet,302144.0377,9199108.595,-49,3428,NA,NA,NA,NA,NA,NA,NA,NA,NA,4,0,0,0,0,0,0,0,0,17000,NA,NA,NA,NA,NA,NA,0,0,0,0,NA,NA,10000,0,0,0,0,0,0,NA,NA,0.04,876,647,2600,1000,50,50,3,1.5
119,266030_TephraMod_21,266030_TephraMod_21_OUT,NA,NA,Soputan,693278.2388,122966.4366,51,1785,NA,NA,NA,NA,NA,NA,NA,NA,NA,4,0,0,0,0,0,0,0,0,17000,NA,NA,NA,NA,NA,NA,0,0,0,0,NA,NA,10000,0,0,0,0,0,0,NA,NA,0.04,876,647,2600,1000,50,50,3,1.5
120,261120_TephraMod_21,261120_TephraMod_21_OUT,NA,NA,Sorikmarapi,559973.8253,75827.02554,47,2145,NA,NA,NA,NA,NA,NA,NA,NA,NA,4,0,0,0,0,0,0,0,0,17000,NA,NA,NA,NA,NA,NA,0,0,0,0,NA,NA,10000,0,0,0,0,0,0,NA,NA,0.04,876,647,2600,1000,50,50,3,1.5
121,250010_TephraMod_21,250010_TephraMod_21_OUT,NA,NA,St. Andrew Strait,538913.1089,9736932.036,-55,270,NA,NA,NA,NA,NA,NA,NA,NA,NA,4,0,0,0,0,0,0,0,0,17000,NA,NA,NA,NA,NA,NA,0,0,0,0,NA,NA,10000,0,0,0,0,0,0,NA,NA,0.04,876,647,2600,1000,50,50,3,1.5
122,261180_TephraMod_21,261180_TephraMod_21_OUT,NA,NA,Sumbing,803405.5326,9732874.479,-47,2507,NA,NA,NA,NA,NA,NA,NA,NA,NA,4,0,0,0,0,0,0,0,0,17000,NA,NA,NA,NA,NA,NA,0,0,0,0,NA,NA,10000,0,0,0,0,0,0,NA,NA,0.04,876,647,2600,1000,50,50,3,1.5
123,263220_TephraMod_21,263220_TephraMod_21_OUT,NA,NA,Sumbing,397362.4203,9183693.853,-49,3371,NA,NA,NA,NA,NA,NA,NA,NA,NA,4,0,0,0,0,0,0,0,0,17000,NA,NA,NA,NA,NA,NA,0,0,0,0,NA,NA,10000,0,0,0,0,0,0,NA,NA,0.04,876,647,2600,1000,50,50,3,1.5
124,263210_TephraMod_21,263210_TephraMod_21_OUT,NA,NA,Sundoro,388732.3935,9192962.585,-49,3136,NA,NA,NA,NA,NA,NA,NA,NA,NA,4,0,0,0,0,0,0,0,0,17000,NA,NA,NA,NA,NA,NA,0,0,0,0,NA,NA,10000,0,0,0,0,0,0,NA,NA,0.04,876,647,2600,1000,50,50,3,1.5
125,261270_TephraMod_21,261270_TephraMod_21_OUT,NA,NA,Suoh,419105.6123,9419653.821,-48,1000,NA,NA,NA,NA,NA,NA,NA,NA,NA,4,0,0,0,0,0,0,0,0,17000,NA,NA,NA,NA,NA,NA,0,0,0,0,NA,NA,10000,0,0,0,0,0,0,NA,NA,0.04,876,647,2600,1000,50,50,3,1.5
126,257010_TephraMod_21,257010_TephraMod_21_OUT,NA,NA,Suretamatai,767040.0913,8473018.898,-58,921,NA,NA,NA,NA,NA,NA,NA,NA,NA,4,0,0,0,0,0,0,0,0,17000,NA,NA,NA,NA,NA,NA,0,0,0,0,NA,NA,10000,0,0,0,0,0,0,NA,NA,0.04,876,647,2600,1000,50,50,3,1.5
127,273070_TephraMod_21,273070_TephraMod_21_OUT,NA,NA,Taal,283224.9748,1548866.4,51,311,NA,NA,NA,NA,NA,NA,NA,NA,NA,4,0,0,0,0,0,0,0,0,17000,NA,NA,NA,NA,NA,NA,0,0,0,0,NA,NA,10000,0,0,0,0,0,0,NA,NA,0.04,876,647,2600,1000,50,50,3,1.5
128,261160_TephraMod_21,261160_TephraMod_21_OUT,NA,NA,Talang,687053.0926,9891744.085,-47,2575,NA,NA,NA,NA,NA,NA,NA,NA,NA,4,0,0,0,0,0,0,0,0,17000,NA,NA,NA,NA,NA,NA,0,0,0,0,NA,NA,10000,0,0,0,0,0,0,NA,NA,0.04,876,647,2600,1000,50,50,3,1.5
129,264040_TephraMod_21,264040_TephraMod_21_OUT,NA,NA,Tambora,610136.4094,9087926.169,-50,2850,NA,NA,NA,NA,NA,NA,NA,NA,NA,4,0,0,0,0,0,0,0,0,17000,NA,NA,NA,NA,NA,NA,0,0,0,0,NA,NA,10000,0,0,0,0,0,0,NA,NA,0.04,876,647,2600,1000,50,50,3,1.5
130,261150_TephraMod_21,261150_TephraMod_21_OUT,NA,NA,Tandikat-Singgalang,648116.9787,9956881.563,-47,2854,NA,NA,NA,NA,NA,NA,NA,NA,NA,4,0,0,0,0,0,0,0,0,17000,NA,NA,NA,NA,NA,NA,0,0,0,0,NA,NA,10000,0,0,0,0,0,0,NA,NA,0.04,876,647,2600,1000,50,50,3,1.5
131,266130_TephraMod_21,266130_TephraMod_21_OUT,NA,NA,Tangkoko-Duasudara,743110.2846,167907.8501,51,1334,NA,NA,NA,NA,NA,NA,NA,NA,NA,4,0,0,0,0,0,0,0,0,17000,NA,NA,NA,NA,NA,NA,0,0,0,0,NA,NA,10000,0,0,0,0,0,0,NA,NA,0.04,876,647,2600,1000,50,50,3,1.5
132,263090_TephraMod_21,263090_TephraMod_21_OUT,NA,NA,Tangkuban Parahu,787407.5412,9250907.586,-48,2084,NA,NA,NA,NA,NA,NA,NA,NA,NA,4,0,0,0,0,0,0,0,0,17000,NA,NA,NA,NA,NA,NA,0,0,0,0,NA,NA,10000,0,0,0,0,0,0,NA,NA,0.04,876,647,2600,1000,50,50,3,1.5
133,264260_TephraMod_21,264260_TephraMod_21_OUT,NA,NA,"Tara, Batu",564500.0172,9138762.668,-51,633,NA,NA,NA,NA,NA,NA,NA,NA,NA,4,0,0,0,0,0,0,0,0,17000,NA,NA,NA,NA,NA,NA,0,0,0,0,NA,NA,10000,0,0,0,0,0,0,NA,NA,0.04,876,647,2600,1000,50,50,3,1.5
134,281032_TephraMod_21,281032_TephraMod_21_OUT,NA,NA,Tatun Volcanic Group,354184.7582,2785441.119,51,1120,NA,NA,NA,NA,NA,NA,NA,NA,NA,4,0,0,0,0,0,0,0,0,17000,NA,NA,NA,NA,NA,NA,0,0,0,0,NA,NA,10000,0,0,0,0,0,0,NA,NA,0.04,876,647,2600,1000,50,50,3,1.5
135,252150_TephraMod_21,252150_TephraMod_21_OUT,NA,NA,Tavui,411205.6694,9544563.797,-56,200,NA,NA,NA,NA,NA,NA,NA,NA,NA,4,0,0,0,0,0,0,0,0,17000,NA,NA,NA,NA,NA,NA,0,0,0,0,NA,NA,10000,0,0,0,0,0,0,NA,NA,0.04,876,647,2600,1000,50,50,3,1.5
136,261050_TephraMod_21,261050_TephraMod_21_OUT,NA,NA,"Telong, Bur ni",258307.8429,527512.2307,47,2617,NA,NA,NA,NA,NA,NA,NA,NA,NA,4,0,0,0,0,0,0,0,0,17000,NA,NA,NA,NA,NA,NA,0,0,0,0,NA,NA,10000,0,0,0,0,0,0,NA,NA,0.04,876,647,2600,1000,50,50,3,1.5
137,263310_TephraMod_21,263310_TephraMod_21_OUT,NA,NA,Tengger Caldera,714958.8632,9121608.562,-49,2329,NA,NA,NA,NA,NA,NA,NA,NA,NA,4,0,0,0,0,0,0,0,0,17000,NA,NA,NA,NA,NA,NA,0,0,0,0,NA,NA,10000,0,0,0,0,0,0,NA,NA,0.04,876,647,2600,1000,50,50,3,1.5
138,265050_TephraMod_21,265050_TephraMod_21_OUT,NA,NA,Teon,515905.7755,9228901.822,-52,728,NA,NA,NA,NA,NA,NA,NA,NA,NA,4,0,0,0,0,0,0,0,0,17000,NA,NA,NA,NA,NA,NA,0,0,0,0,NA,NA,10000,0,0,0,0,0,0,NA,NA,0.04,876,647,2600,1000,50,50,3,1.5
139,256010_TephraMod_21,256010_TephraMod_21_OUT,NA,NA,Tinakula,588011.5278,8851798.16,-58,796,NA,NA,NA,NA,NA,NA,NA,NA,NA,4,0,0,0,0,0,0,0,0,17000,NA,NA,NA,NA,NA,NA,0,0,0,0,NA,NA,10000,0,0,0,0,0,0,NA,NA,0.04,876,647,2600,1000,50,50,3,1.5
140,257090_TephraMod_21,257090_TephraMod_21_OUT,NA,NA,Traitor's Head,314255.4868,7925473.097,-59,817,NA,NA,NA,NA,NA,NA,NA,NA,NA,4,0,0,0,0,0,0,0,0,17000,NA,NA,NA,NA,NA,NA,0,0,0,0,NA,NA,10000,0,0,0,0,0,0,NA,NA,0.04,876,647,2600,1000,50,50,3,1.5
141,252120_TephraMod_21,252120_TephraMod_21_OUT,NA,NA,Ulawun,314861.3677,9441571.222,-56,2334,NA,NA,NA,NA,NA,NA,NA,NA,NA,4,0,0,0,0,0,0,0,0,17000,NA,NA,NA,NA,NA,NA,0,0,0,0,NA,NA,10000,0,0,0,0,0,0,NA,NA,0.04,876,647,2600,1000,50,50,3,1.5
142,253030_TephraMod_21,253030_TephraMod_21_OUT,NA,NA,Victory,727442.8782,8982379.163,-55,1925,NA,NA,NA,NA,NA,NA,NA,NA,NA,4,0,0,0,0,0,0,0,0,17000,NA,NA,NA,NA,NA,NA,0,0,0,0,NA,NA,10000,0,0,0,0,0,0,NA,NA,0.04,876,647,2600,1000,50,50,3,1.5
143,253040_TephraMod_21,253040_TephraMod_21_OUT,NA,NA,Waiowa,727750.6477,8941443.359,-55,640,NA,NA,NA,NA,NA,NA,NA,NA,NA,4,0,0,0,0,0,0,0,0,17000,NA,NA,NA,NA,NA,NA,0,0,0,0,NA,NA,10000,0,0,0,0,0,0,NA,NA,0.04,876,647,2600,1000,50,50,3,1.5
144,252080_TephraMod_21,252080_TephraMod_21_OUT,NA,NA,Witori,224807.0416,9383085.056,-56,724,NA,NA,NA,NA,NA,NA,NA,NA,NA,4,0,0,0,0,0,0,0,0,17000,NA,NA,NA,NA,NA,NA,0,0,0,0,NA,NA,10000,0,0,0,0,0,0,NA,NA,0.04,876,647,2600,1000,50,50,3,1.5
145,265040_TephraMod_21,265040_TephraMod_21_OUT,NA,NA,Wurlali,464112.8656,9212420.156,-52,868,NA,NA,NA,NA,NA,NA,NA,NA,NA,4,0,0,0,0,0,0,0,0,17000,NA,NA,NA,NA,NA,NA,0,0,0,0,NA,NA,10000,0,0,0,0,0,0,NA,NA,0.04,876,647,2600,1000,50,50,3,1.5
